[{
        "id": 49,
        "name": "Cleanser 1",
        "name_cate": "HLS",
        "price": 100,
        "img2": "assets/image/cleanser/clean1_1.jpeg",
        "img": "assets/image/cleanser/clean1.jpeg"
    },
    {
        "id": 50,
        "name": "Cleanser 2",
        "name_cate": "HLS",
        "price": 100,

        "img2": "assets/image/cleanser/clean2_1.png",
        "img": "assets/image/cleanser/clean2.jpeg"
    },
    {
        "id": 51,
        "name": "Cleanser 3",
        "name_cate": "HLS",
        "price": 100,

        "img2": "assets/image/cleanser/clean3_1.jpeg",
        "img": "assets/image/cleanser/clean3.jpeg"
    },
    {
        "id": 52,
        "name": "Cleanser 4",
        "name_cate": "HLS",
        "price": 100,
        "img2": "assets/image/cleanser/clean4_1.png",
        "img": "assets/image/cleanser/clean4.png"
    },
    {
        "id": 53,
        "name": "Cleanser 5",
        "name_cate": "HLS",
        "price": 100,
        "img2": "assets/image/cleanser/clean5_1.jpeg",
        "img": "assets/image/cleanser/clean5.jpeg"
    },
    {
        "id": 54,
        "name": "Cleanser 6",
        "name_cate": "HLS",
        "price": 100,
        "img2": "assets/image/cleanser/clean6_1.png",
        "img": "assets/image/cleanser/clean6.jpeg"
    },
    {
        "id": 55,
        "name": "Cleanser 7",
        "name_cate": "HLS",
        "price": 50,
        "img2": "assets/image/cleanser/clean7_1.jpeg",
        "img": "assets/image/cleanser/clean7.jpeg"
    },
    {
        "id": 56,
        "name": "Cleanser 8",
        "name_cate": "HLS",
        "price": 50,
        "img2": "assets/image/cleanser/clean8_1.jpeg",
        "img": "assets/image/cleanser/clean8.jpeg"
    },
    {
        "id": 57,
        "name": "Cleanser 9",
        "name_cate": "HLS",
        "price": 100,
        "img2": "assets/image/cleanser/clean9_1.jpeg",
        "img": "assets/image/cleanser/clean9.png"
    },
    {
        "id": 58,
        "name": "Cleanser 10",
        "name_cate": "HLS",
        "price": 100,

        "img2": "assets/image/cleanser/clean10_1.jpeg",
        "img": "assets/image/cleanser/clean10.jpeg"
    },
    {
        "id": 59,
        "name": "Cleanser 11",
        "name_cate": "HLS",
        "price": 100,

        "img2": "assets/image/cleanser/clean11_1.jpeg",
        "img": "assets/image/cleanser/clean11.jpeg"
    },
    {
        "id": 60,
        "name": "Cleanser 12",
        "name_cate": "HLS",
        "price": 100,
        "img2": "assets/image/cleanser/clean12_1.png",
        "img": "assets/image/cleanser/clean12.png"
    },
    {
        "id": 61,
        "name": "Cleanser 13",
        "name_cate": "HLS",
        "price": 100,
        "img2": "assets/image/cleanser/clean13_1.jpeg",
        "img": "assets/image/cleanser/clean13.jpeg"
    },
    {
        "id": 62,
        "name": "Cleanser 14",
        "name_cate": "HLS",
        "price": 100,
        "img2": "assets/image/cleanser/clean14_1.jpeg",
        "img": "assets/image/cleanser/clean14.jpeg"
    },
    {
        "id": 63,
        "name": "Cleanser 15",
        "name_cate": "HLS",
        "price": 50,
        "img2": "assets/image/cleanser/clean15_1.jpeg",
        "img": "assets/image/cleanser/clean15.jpeg"
    },
    {
        "id": 64,
        "name": "Cleanser 16",
        "name_cate": "HLS",
        "price": 50,
        "img2": "assets/image/cleanser/clean16_1.jpeg",
        "img": "assets/image/cleanser/clean16.jpeg"
    }
]