[{
        "id": 1,
        "name": "Ring 1",
        "name_cate": "HLS",
        "price": 100,
        "img2": "assets/image/ring/ring1_2.jpg",
        "img3": "assets/image/ring/ring1_1.jpg",
        "img": "assets/image/ring/ring1.jpg"
    },
    {
        "id": 2,
        "name": "Ring 2",
        "name_cate": "HLS",
        "price": 100,

        "img2": "assets/image/ring/ring2_2.jpg",
        "img3": "assets/image/ring/ring2_1.jpg",
        "img": "assets/image/ring/ring2.jpg"
    },
    {
        "id": 3,
        "name": "Ring 3",
        "name_cate": "HLS",
        "price": 100,

        "img2": "assets/image/ring/ring3_2.jpg",
        "img3": "assets/image/ring/ring3_1.jpg",
        "img": "assets/image/ring/ring3.jpg"
    },
    {
        "id": 4,
        "name": "Ring 4",
        "name_cate": "HLS",
        "price": 100,
        "img2": "assets/image/ring/ring4_2.jpg",
        "img3": "assets/image/ring/ring4_1.jpg",
        "img": "assets/image/ring/ring4.jpg"
    },
    {
        "id": 5,
        "name": "Ring 5",
        "name_cate": "HLS",
        "price": 100,
        "img2": "assets/image/ring/ring5_2.jpg",
        "img3": "assets/image/ring/ring5_1.jpg",
        "img": "assets/image/ring/ring5.jpg"
    },
    {
        "id": 6,
        "name": "Ring 6",
        "name_cate": "HLS",
        "price": 100,
        "img2": "assets/image/ring/ring6_2.jpg",
        "img3": "assets/image/ring/ring6_1.jpg",
        "img": "assets/image/ring/ring6.jpg"
    },
    {
        "id": 7,
        "name": "Ring 7",
        "name_cate": "HLS",
        "price": 50,
        "img2": "assets/image/ring/ring7_2.jpg",
        "img3": "assets/image/ring/ring7_1.jpg",
        "img": "assets/image/ring/ring7.jpg"
    },
    {
        "id": 8,
        "name": "Ring 8",
        "name_cate": "HLS",
        "price": 50,
        "img2": "assets/image/ring/ring8_2.jpg",
        "img3": "assets/image/ring/ring8_1.jpg",
        "img": "assets/image/ring/ring8.jpg"
    },
    {
        "id": 9,
        "name": "Ring 9",
        "name_cate": "HLS",
        "price": 100,
        "img2": "assets/image/ring/ring9_2.jpg",
        "img3": "assets/image/ring/ring9_1.jpg",
        "img": "assets/image/ring/ring9.jpg"
    },
    {
        "id": 10,
        "name": "Ring 10",
        "name_cate": "HLS",
        "price": 100,

        "img2": "assets/image/ring/ring10_2.jpg",
        "img3": "assets/image/ring/ring10_1.jpg",
        "img": "assets/image/ring/ring10.jpg"
    },
    {
        "id": 11,
        "name": "Ring 11",
        "name_cate": "HLS",
        "price": 100,

        "img2": "assets/image/ring/ring11_2.jpg",
        "img3": "assets/image/ring/ring11_1.jpg",
        "img": "assets/image/ring/ring11.jpg"
    },
    {
        "id": 12,
        "name": "Ring 12",
        "name_cate": "HLS",
        "price": 100,
        "img2": "assets/image/ring/ring12_2.jpg",
        "img3": "assets/image/ring/ring12_1.jpg",
        "img": "assets/image/ring/ring12.jpg"
    },
    {
        "id": 13,
        "name": "Ring 13",
        "name_cate": "HLS",
        "price": 100,
        "img2": "assets/image/ring/ring13_2.jpg",
        "img3": "assets/image/ring/ring13_1.jpg",
        "img": "assets/image/ring/ring13.jpg"
    },
    {
        "id": 14,
        "name": "Ring 14",
        "name_cate": "HLS",
        "price": 100,
        "img2": "assets/image/ring/ring14_2.jpg",
        "img3": "assets/image/ring/ring14_1.jpg",
        "img": "assets/image/ring/ring14.jpg"
    },
    {
        "id": 15,
        "name": "Ring 15",
        "name_cate": "HLS",
        "price": 50,
        "img2": "assets/image/ring/ring15_2.jpg",
        "img3": "assets/image/ring/ring15_1.jpg",
        "img": "assets/image/ring/ring15.jpg"
    },
    {
        "id": 16,
        "name": "Ring 16",
        "name_cate": "HLS",
        "price": 50,
        "img2": "assets/image/ring/ring16.jpg",
        "img3": "assets/image/ring/ring16_1.jpg",
        "img": "assets/image/ring/ring16.jpg"
    },
    {
        "id": 1,
        "name": "Ring 1",
        "name_cate": "HLS",
        "price": 100,
        "img2": "assets/image/earing/ear1_2.jpg",
        "img": "assets/image/earing/ear1.jpg"
    },
    {
        "id": 2,
        "name": "Ring 2",
        "name_cate": "HLS",
        "price": 100,

        "img2": "assets/image/earing/ear2_2.jpg",
        "img": "assets/image/earing/ear2.jpg"
    },
    {
        "id": 3,
        "name": "Ring 3",
        "name_cate": "HLS",
        "price": 100,

        "img2": "assets/image/earing/ear3_2.jpg",
        "img": "assets/image/earing/ear3.jpg"
    },
    {
        "id": 4,
        "name": "Ring 4",
        "name_cate": "HLS",
        "price": 100,
        "img2": "assets/image/earing/ear4_2.jpg",
        "img": "assets/image/earing/ear4.jpg"
    },
    {
        "id": 5,
        "name": "Ring 5",
        "name_cate": "HLS",
        "price": 100,
        "img2": "assets/image/earing/ear5_2.jpg",
        "img": "assets/image/earing/ear5.jpg"
    },
    {
        "id": 6,
        "name": "Ring 6",
        "name_cate": "HLS",
        "price": 100,
        "img2": "assets/image/earing/ear6_2.jpg",
        "img": "assets/image/earing/ear6.jpg"
    },
    {
        "id": 7,
        "name": "Ring 7",
        "name_cate": "HLS",
        "price": 50,
        "img2": "assets/image/earing/ear7_2.jpg",
        "img": "assets/image/earing/ear7.jpg"
    },
    {
        "id": 8,
        "name": "Ring 8",
        "name_cate": "HLS",
        "price": 50,
        "img2": "assets/image/earing/ear8_2.jpg",
        "img": "assets/image/earing/ear8.jpg"
    },
    {
        "id": 9,
        "name": "Ring 9",
        "name_cate": "HLS",
        "price": 100,
        "img2": "assets/image/earing/ear9_2.jpg",
        "img": "assets/image/earing/ear9.jpg"
    },
    {
        "id": 10,
        "name": "Ring 10",
        "name_cate": "HLS",
        "price": 100,

        "img2": "assets/image/earing/ear10_2.jpg",
        "img": "assets/image/earing/ear10.jpg"
    },
    {
        "id": 11,
        "name": "Ring 11",
        "name_cate": "HLS",
        "price": 100,

        "img2": "assets/image/earing/ear11_2.jpg",
        "img": "assets/image/earing/ear11.jpg"
    },
    {
        "id": 12,
        "name": "Ring 12",
        "name_cate": "HLS",
        "price": 100,
        "img2": "assets/image/earing/ear12_2.jpg",
        "img": "assets/image/earing/ear12.jpg"
    },
    {
        "id": 13,
        "name": "Ring 13",
        "name_cate": "HLS",
        "price": 100,
        "img2": "assets/image/earing/ear13_2.jpg",
        "img": "assets/image/earing/ear13.jpg"
    },
    {
        "id": 14,
        "name": "Ring 14",
        "name_cate": "HLS",
        "price": 100,
        "img2": "assets/image/earing/ear14_2.jpg",
        "img": "assets/image/earing/ear14.jpg"
    },
    {
        "id": 15,
        "name": "Ring 15",
        "name_cate": "HLS",
        "price": 50,
        "img2": "assets/image/earing/ear15_2.jpg",
        "img": "assets/image/earing/ear15.jpg"
    },
    {
        "id": 16,
        "name": "Ring 16",
        "name_cate": "HLS",
        "price": 50,
        "img2": "assets/image/earing/ear16_2.jpg",
        "img": "assets/image/earing/ear16.jpg"
    },
    {
        "id": 17,
        "name": "Necklace 1",
        "name_cate": "HLS",
        "price": 100,
        "img2": "assets/image/necklace/neck1_2.jpg",
        "img": "assets/image/necklace/neck1.jpg"
    },
    {
        "id": 18,
        "name": "Necklace 2",
        "name_cate": "HLS",
        "price": 100,

        "img2": "assets/image/necklace/neck2_2.jpg",
        "img": "assets/image/necklace/neck2.jpg"
    },
    {
        "id": 19,
        "name": "Necklace 3",
        "name_cate": "HLS",
        "price": 100,

        "img2": "assets/image/necklace/neck3_2.jpg",
        "img": "assets/image/necklace/neck3.jpg"
    },
    {
        "id": 20,
        "name": "Necklace 4",
        "name_cate": "HLS",
        "price": 100,
        "img2": "assets/image/necklace/neck4_2.jpg",
        "img": "assets/image/necklace/neck4.jpg"
    },
    {
        "id": 21,
        "name": "Necklace 5",
        "name_cate": "HLS",
        "price": 100,
        "img2": "assets/image/necklace/neck5_2.jpg",
        "img": "assets/image/necklace/neck5.jpg"
    },
    {
        "id": 22,
        "name": "Necklace 6",
        "name_cate": "HLS",
        "price": 100,
        "img2": "assets/image/necklace/neck6_2.jpg",
        "img": "assets/image/necklace/neck6.jpg"
    },
    {
        "id": 23,
        "name": "Necklace 7",
        "name_cate": "HLS",
        "price": 50,
        "img2": "assets/image/necklace/neck7_2.jpg",
        "img": "assets/image/necklace/neck7.jpg"
    },
    {
        "id": 24,
        "name": "Necklace 8",
        "name_cate": "HLS",
        "price": 50,
        "img2": "assets/image/necklace/neck8_2.jpg",
        "img": "assets/image/necklace/neck8.jpg"
    },
    {
        "id": 25,
        "name": "Necklace 9",
        "name_cate": "HLS",
        "price": 100,
        "img2": "assets/image/necklace/neck9_2.jpg",
        "img": "assets/image/necklace/neck9.jpg"
    },
    {
        "id": 26,
        "name": "Necklace 10",
        "name_cate": "HLS",
        "price": 100,

        "img2": "assets/image/necklace/neck10_2.jpg",
        "img": "assets/image/necklace/neck10.jpg"
    },
    {
        "id": 27,
        "name": "Necklace 11",
        "name_cate": "HLS",
        "price": 100,

        "img2": "assets/image/necklace/neck11_2.jpg",
        "img": "assets/image/necklace/neck11.jpg"
    },
    {
        "id": 28,
        "name": "Necklace 12",
        "name_cate": "HLS",
        "price": 100,
        "img2": "assets/image/necklace/neck12_2.jpg",
        "img": "assets/image/necklace/neck12.jpg"
    },
    {
        "id": 29,
        "name": "Necklace 13",
        "name_cate": "HLS",
        "price": 100,
        "img2": "assets/image/necklace/neck13_2.jpg",
        "img": "assets/image/necklace/neck13.jpg"
    },
    {
        "id": 30,
        "name": "Necklace 14",
        "name_cate": "HLS",
        "price": 100,
        "img2": "assets/image/necklace/neck14_2.jpg",
        "img": "assets/image/necklace/neck14.jpg"
    },
    {
        "id": 31,
        "name": "Necklace 15",
        "name_cate": "HLS",
        "price": 50,
        "img2": "assets/image/necklace/neck15_2.jpg",
        "img": "assets/image/necklace/neck15.jpg"
    },
    {
        "id": 32,
        "name": "Necklace 16",
        "name_cate": "HLS",
        "price": 50,
        "img2": "assets/image/necklace/neck16_2.jpg",
        "img": "assets/image/necklace/neck16.jpg"
    },
    {
        "id": 33,
        "name": "Earring 1",
        "name_cate": "HLS",
        "price": 100,
        "img2": "assets/image/earing/ear1_2.jpg",
        "img": "assets/image/earing/ear1.jpg"
    },
    {
        "id": 34,
        "name": "Earring 2",
        "name_cate": "HLS",
        "price": 100,

        "img2": "assets/image/earing/ear2_2.jpg",
        "img": "assets/image/earing/ear2.jpg"
    },
    {
        "id": 35,
        "name": "Earring 3",
        "name_cate": "HLS",
        "price": 100,

        "img2": "assets/image/earing/ear3_2.jpg",
        "img": "assets/image/earing/ear3.jpg"
    },
    {
        "id": 36,
        "name": "Earring 4",
        "name_cate": "HLS",
        "price": 100,
        "img2": "assets/image/earing/ear4_2.jpg",
        "img": "assets/image/earing/ear4.jpg"
    },
    {
        "id": 37,
        "name": "Earring 5",
        "name_cate": "HLS",
        "price": 100,
        "img2": "assets/image/earing/ear5_2.jpg",
        "img": "assets/image/earing/ear5.jpg"
    },
    {
        "id": 38,
        "name": "Earring 6",
        "name_cate": "HLS",
        "price": 100,
        "img2": "assets/image/earing/ear6_2.jpg",
        "img": "assets/image/earing/ear6.jpg"
    },
    {
        "id": 39,
        "name": "Earring 7",
        "name_cate": "HLS",
        "price": 50,
        "img2": "assets/image/earing/ear7_2.jpg",
        "img": "assets/image/earing/ear7.jpg"
    },
    {
        "id": 40,
        "name": "Earring 8",
        "name_cate": "HLS",
        "price": 50,
        "img2": "assets/image/earing/ear8_2.jpg",
        "img": "assets/image/earing/ear8.jpg"
    },
    {
        "id": 41,
        "name": "Earring 9",
        "name_cate": "HLS",
        "price": 100,
        "img2": "assets/image/earing/ear9_2.jpg",
        "img": "assets/image/earing/ear9.jpg"
    },
    {
        "id": 42,
        "name": "Earring 10",
        "name_cate": "HLS",
        "price": 100,

        "img2": "assets/image/earing/ear10_2.jpg",
        "img": "assets/image/earing/ear10.jpg"
    },
    {
        "id": 43,
        "name": "Earring 11",
        "name_cate": "HLS",
        "price": 100,

        "img2": "assets/image/earing/ear11_2.jpg",
        "img": "assets/image/earing/ear11.jpg"
    },
    {
        "id": 44,
        "name": "Earring 12",
        "name_cate": "HLS",
        "price": 100,
        "img2": "assets/image/earing/ear12_2.jpg",
        "img": "assets/image/earing/ear12.jpg"
    },
    {
        "id": 45,
        "name": "Earring 13",
        "name_cate": "HLS",
        "price": 100,
        "img2": "assets/image/earing/ear13_2.jpg",
        "img": "assets/image/earing/ear13.jpg"
    },
    {
        "id": 46,
        "name": "Earring 14",
        "name_cate": "HLS",
        "price": 100,
        "img2": "assets/image/earing/ear14_2.jpg",
        "img": "assets/image/earing/ear14.jpg"
    },
    {
        "id": 47,
        "name": "Earring 15",
        "name_cate": "HLS",
        "price": 50,
        "img2": "assets/image/earing/ear15_2.jpg",
        "img": "assets/image/earing/ear15.jpg"
    },
    {
        "id": 49,
        "name": "Cleanser 1",
        "name_cate": "HLS",
        "price": 100,
        "img2": "assets/image/cleanser/clean1_1.jpeg",
        "img": "assets/image/cleanser/clean1.jpeg"
    },
    {
        "id": 50,
        "name": "Cleanser 2",
        "name_cate": "HLS",
        "price": 100,

        "img2": "assets/image/cleanser/clean2_1.png",
        "img": "assets/image/cleanser/clean2.jpeg"
    },
    {
        "id": 51,
        "name": "Cleanser 3",
        "name_cate": "HLS",
        "price": 100,

        "img2": "assets/image/cleanser/clean3_1.jpeg",
        "img": "assets/image/cleanser/clean3.jpeg"
    },
    {
        "id": 52,
        "name": "Cleanser 4",
        "name_cate": "HLS",
        "price": 100,
        "img2": "assets/image/cleanser/clean4_1.png",
        "img": "assets/image/cleanser/clean4.png"
    },
    {
        "id": 53,
        "name": "Cleanser 5",
        "name_cate": "HLS",
        "price": 100,
        "img2": "assets/image/cleanser/clean5_1.jpeg",
        "img": "assets/image/cleanser/clean5.jpeg"
    },
    {
        "id": 54,
        "name": "Cleanser 6",
        "name_cate": "HLS",
        "price": 100,
        "img2": "assets/image/cleanser/clean6_1.png",
        "img": "assets/image/cleanser/clean6.jpeg"
    },
    {
        "id": 55,
        "name": "Cleanser 7",
        "name_cate": "HLS",
        "price": 50,
        "img2": "assets/image/cleanser/clean7_1.jpeg",
        "img": "assets/image/cleanser/clean7.jpeg"
    },
    {
        "id": 56,
        "name": "Cleanser 8",
        "name_cate": "HLS",
        "price": 50,
        "img2": "assets/image/cleanser/clean8_1.jpeg",
        "img": "assets/image/cleanser/clean8.jpeg"
    },
    {
        "id": 57,
        "name": "Cleanser 9",
        "name_cate": "HLS",
        "price": 100,
        "img2": "assets/image/cleanser/clean9_1.jpeg",
        "img": "assets/image/cleanser/clean9.png"
    },
    {
        "id": 58,
        "name": "Cleanser 10",
        "name_cate": "HLS",
        "price": 100,

        "img2": "assets/image/cleanser/clean10_1.jpeg",
        "img": "assets/image/cleanser/clean10.jpeg"
    },
    {
        "id": 59,
        "name": "Cleanser 11",
        "name_cate": "HLS",
        "price": 100,

        "img2": "assets/image/cleanser/clean11_1.jpeg",
        "img": "assets/image/cleanser/clean11.jpeg"
    },
    {
        "id": 60,
        "name": "Cleanser 12",
        "name_cate": "HLS",
        "price": 100,
        "img2": "assets/image/cleanser/clean12_1.png",
        "img": "assets/image/cleanser/clean12.png"
    },
    {
        "id": 61,
        "name": "Cleanser 13",
        "name_cate": "HLS",
        "price": 100,
        "img2": "assets/image/cleanser/clean13_1.jpeg",
        "img": "assets/image/cleanser/clean13.jpeg"
    },
    {
        "id": 62,
        "name": "Cleanser 14",
        "name_cate": "HLS",
        "price": 100,
        "img2": "assets/image/cleanser/clean14_1.jpeg",
        "img": "assets/image/cleanser/clean14.jpeg"
    },
    {
        "id": 63,
        "name": "Cleanser 15",
        "name_cate": "HLS",
        "price": 50,
        "img2": "assets/image/cleanser/clean15_1.jpeg",
        "img": "assets/image/cleanser/clean15.jpeg"
    },
    {
        "id": 64,
        "name": "Cleanser 16",
        "name_cate": "HLS",
        "price": 50,
        "img2": "assets/image/cleanser/clean16_1.jpeg",
        "img": "assets/image/cleanser/clean16.jpeg"
    },
    {
        "id": 65,
        "name": "lipstick 1",
        "name_cate": "HLS",
        "price": 100,
        "img2": "assets/image/lipstick/lip1_1.jpeg",
        "img": "assets/image/lipstick/lip1.png"
    },
    {
        "id": 66,
        "name": "lipstick 2",
        "name_cate": "HLS",
        "price": 100,
        "img2": "assets/image/lipstick/lip2_1.jpeg",
        "img": "assets/image/lipstick/lip2.jpeg"
    },
    {
        "id": 67,
        "name": "lipstick 3",
        "name_cate": "HLS",
        "price": 100,

        "img2": "assets/image/lipstick/lip3_2.jpeg",
        "img": "assets/image/lipstick/lip3.jpeg"
    },
    {
        "id": 68,
        "name": "lipstick 4",
        "name_cate": "HLS",
        "price": 100,
        "img2": "assets/image/lipstick/lip4_1.png",
        "img": "assets/image/lipstick/lip4.jpeg"
    },
    {
        "id": 69,
        "name": "lipstick 5",
        "name_cate": "HLS",
        "price": 100,
        "img2": "assets/image/lipstick/lip5_1.jpeg",
        "img": "assets/image/lipstick/lip5.jpeg"
    },
    {
        "id": 70,
        "name": "lipstick 6",
        "name_cate": "HLS",
        "price": 100,
        "img2": "assets/image/lipstick/lip6_1.jpeg",
        "img": "assets/image/lipstick/lip6.jpeg"
    },
    {
        "id": 71,
        "name": "lipstick 7",
        "name_cate": "HLS",
        "price": 50,
        "img2": "assets/image/lipstick/lip7_1.jpeg",
        "img": "assets/image/lipstick/lip7.png"
    },
    {
        "id": 72,
        "name": "lipstick 8",
        "name_cate": "HLS",
        "price": 50,
        "img2": "assets/image/lipstick/lip8_1.jpeg",
        "img": "assets/image/lipstick/lip8.jpeg"
    },
    {
        "id": 73,
        "name": "lipstick 9",
        "name_cate": "HLS",
        "price": 100,
        "img2": "assets/image/lipstick/lip9_1.png",
        "img": "assets/image/lipstick/lip9.jpeg"
    },
    {
        "id": 74,
        "name": "lipstick 10",
        "name_cate": "HLS",
        "price": 100,

        "img2": "assets/image/lipstick/lip10_1.jpeg",
        "img": "assets/image/lipstick/lip10.jpeg"
    },
    {
        "id": 75,
        "name": "lipstick 11",
        "name_cate": "HLS",
        "price": 100,

        "img2": "assets/image/lipstick/lip11_1.jpeg",
        "img": "assets/image/lipstick/lip11.jpeg"
    },
    {
        "id": 76,
        "name": "lipstick 12",
        "name_cate": "HLS",
        "price": 100,
        "img2": "assets/image/lipstick/lip12_1.jpeg",
        "img": "assets/image/lipstick/lip12.jpeg"
    },
    {
        "id": 77,
        "name": "lipstick 13",
        "name_cate": "HLS",
        "price": 100,
        "img2": "assets/image/lipstick/lip13_1.jpeg",
        "img": "assets/image/lipstick/lip13.jpeg"
    },
    {
        "id": 78,
        "name": "lipstick 14",
        "name_cate": "HLS",
        "price": 100,
        "img2": "assets/image/lipstick/lip14_1.jpeg",
        "img": "assets/image/lipstick/lip14.png"
    },
    {
        "id": 79,
        "name": "lipstick 15",
        "name_cate": "HLS",
        "price": 50,
        "img2": "assets/image/lipstick/lip15_1.jpeg",
        "img": "assets/image/lipstick/lip15.jpeg"
    },
    {
        "id": 80,
        "name": "lipstick 16",
        "name_cate": "HLS",
        "price": 50,
        "img2": "assets/image/lipstick/lip16_1.jpeg",
        "img": "assets/image/lipstick/lip16.jpeg"
    },
    {
        "id": 81,
        "name": "mascara 1",
        "name_cate": "HLS",
        "price": 100,
        "img2": "assets/image/mascara/mas1_1.png",
        "img": "assets/image/mascara/mas1.jpeg"
    },
    {
        "id": 82,
        "name": "mascara 2",
        "name_cate": "HLS",
        "price": 100,

        "img2": "assets/image/mascara/mas2_1.jpeg",
        "img": "assets/image/mascara/mas2.jpeg"
    },
    {
        "id": 83,
        "name": "mascara 3",
        "name_cate": "HLS",
        "price": 100,

        "img2": "assets/image/mascara/mas3_1.jpeg",
        "img": "assets/image/mascara/mas3.jpeg"
    },
    {
        "id": 84,
        "name": "mascara 4",
        "name_cate": "HLS",
        "price": 100,
        "img2": "assets/image/mascara/mas4_1.jpeg",
        "img": "assets/image/mascara/mas4.jpeg"
    },
    {
        "id": 85,
        "name": "mascara 5",
        "name_cate": "HLS",
        "price": 100,
        "img2": "assets/image/mascara/mas5_1.jpeg",
        "img": "assets/image/mascara/mas5.jpeg"
    },
    {
        "id": 86,
        "name": "mascara 6",
        "name_cate": "HLS",
        "price": 100,
        "img2": "assets/image/mascara/mas6_1.jpeg",
        "img": "assets/image/mascara/mas6.jpeg"
    },
    {
        "id": 87,
        "name": "mascara 7",
        "name_cate": "HLS",
        "price": 50,
        "img2": "assets/image/mascara/mas7_1.jpeg",
        "img": "assets/image/mascara/mas7.jpeg"
    },
    {
        "id": 88,
        "name": "mascara 8",
        "name_cate": "HLS",
        "price": 50,
        "img2": "assets/image/mascara/mas8_1.jpeg",
        "img": "assets/image/mascara/mas8.jpeg"
    },
    {
        "id": 89,
        "name": "mascara 9",
        "name_cate": "HLS",
        "price": 100,
        "img2": "assets/image/mascara/mas9_1.jpeg",
        "img": "assets/image/mascara/mas9.jpeg"
    },
    {
        "id": 90,
        "name": "mascara 10",
        "name_cate": "HLS",
        "price": 100,

        "img2": "assets/image/mascara/mas10_1.jpeg",
        "img": "assets/image/mascara/mas10.jpeg"
    },
    {
        "id": 91,
        "name": "mascara 11",
        "name_cate": "HLS",
        "price": 100,

        "img2": "assets/image/mascara/mas11_1.jpeg",
        "img": "assets/image/mascara/mas11.jpeg"
    },
    {
        "id": 92,
        "name": "mascara 12",
        "name_cate": "HLS",
        "price": 100,
        "img2": "assets/image/mascara/mas12_1.jpeg",
        "img": "assets/image/mascara/mas12.jpeg"
    },
    {
        "id": 93,
        "name": "mascara 13",
        "name_cate": "HLS",
        "price": 100,
        "img2": "assets/image/mascara/mas13_1.jpeg",
        "img": "assets/image/mascara/mas13.jpeg"
    },
    {
        "id": 94,
        "name": "mascara 14",
        "name_cate": "HLS",
        "price": 100,
        "img2": "assets/image/mascara/mas14_1.jpeg",
        "img": "assets/image/mascara/mas14.jpeg"
    },
    {
        "id": 95,
        "name": "mascara 15",
        "name_cate": "HLS",
        "price": 50,
        "img2": "assets/image/mascara/mas15_1.jpeg",
        "img": "assets/image/mascara/mas15.png"
    },
    {
        "id": 96,
        "name": "mascara 16",
        "name_cate": "HLS",
        "price": 50,
        "img2": "assets/image/mascara/mas16_1.png",
        "img": "assets/image/mascara/mas16.jpeg"
    }

]