[{
        "id": 65,
        "name": "lipstick 1",
        "name_cate": "HLS",
        "price": 100,
        "img2": "assets/image/lipstick/lip1_1.jpeg",
        "img": "assets/image/lipstick/lip1.png"
    },
    {
        "id": 66,
        "name": "lipstick 2",
        "name_cate": "HLS",
        "price": 100,
        "img2": "assets/image/lipstick/lip2_1.jpeg",
        "img": "assets/image/lipstick/lip2.jpeg"
    },
    {
        "id": 67,
        "name": "lipstick 3",
        "name_cate": "HLS",
        "price": 100,

        "img2": "assets/image/lipstick/lip3_2.jpeg",
        "img": "assets/image/lipstick/lip3.jpeg"
    },
    {
        "id": 68,
        "name": "lipstick 4",
        "name_cate": "HLS",
        "price": 100,
        "img2": "assets/image/lipstick/lip4_1.png",
        "img": "assets/image/lipstick/lip4.jpeg"
    },
    {
        "id": 69,
        "name": "lipstick 5",
        "name_cate": "HLS",
        "price": 100,
        "img2": "assets/image/lipstick/lip5_1.jpeg",
        "img": "assets/image/lipstick/lip5.jpeg"
    },
    {
        "id": 70,
        "name": "lipstick 6",
        "name_cate": "HLS",
        "price": 100,
        "img2": "assets/image/lipstick/lip6_1.jpeg",
        "img": "assets/image/lipstick/lip6.jpeg"
    },
    {
        "id": 71,
        "name": "lipstick 7",
        "name_cate": "HLS",
        "price": 50,
        "img2": "assets/image/lipstick/lip7_1.jpeg",
        "img": "assets/image/lipstick/lip7.png"
    },
    {
        "id": 72,
        "name": "lipstick 8",
        "name_cate": "HLS",
        "price": 50,
        "img2": "assets/image/lipstick/lip8_1.jpeg",
        "img": "assets/image/lipstick/lip8.jpeg"
    },
    {
        "id": 73,
        "name": "lipstick 9",
        "name_cate": "HLS",
        "price": 100,
        "img2": "assets/image/lipstick/lip9_1.png",
        "img": "assets/image/lipstick/lip9.jpeg"
    },
    {
        "id": 74,
        "name": "lipstick 10",
        "name_cate": "HLS",
        "price": 100,

        "img2": "assets/image/lipstick/lip10_1.jpeg",
        "img": "assets/image/lipstick/lip10.jpeg"
    },
    {
        "id": 75,
        "name": "lipstick 11",
        "name_cate": "HLS",
        "price": 100,

        "img2": "assets/image/lipstick/lip11_1.jpeg",
        "img": "assets/image/lipstick/lip11.jpeg"
    },
    {
        "id": 76,
        "name": "lipstick 12",
        "name_cate": "HLS",
        "price": 100,
        "img2": "assets/image/lipstick/lip12_1.jpeg",
        "img": "assets/image/lipstick/lip12.jpeg"
    },
    {
        "id": 77,
        "name": "lipstick 13",
        "name_cate": "HLS",
        "price": 100,
        "img2": "assets/image/lipstick/lip13_1.jpeg",
        "img": "assets/image/lipstick/lip13.jpeg"
    },
    {
        "id": 78,
        "name": "lipstick 14",
        "name_cate": "HLS",
        "price": 100,
        "img2": "assets/image/lipstick/lip14_1.jpeg",
        "img": "assets/image/lipstick/lip14.png"
    },
    {
        "id": 79,
        "name": "lipstick 15",
        "name_cate": "HLS",
        "price": 50,
        "img2": "assets/image/lipstick/lip15_1.jpeg",
        "img": "assets/image/lipstick/lip15.jpeg"
    },
    {
        "id": 80,
        "name": "lipstick 16",
        "name_cate": "HLS",
        "price": 50,
        "img2": "assets/image/lipstick/lip16_1.jpeg",
        "img": "assets/image/lipstick/lip16.jpeg"
    }
]