[{
        "id": 17,
        "name": "Necklace 1",
        "name_cate": "HLS",
        "price": 100,
        "img2": "assets/image/necklace/neck1_2.jpg",
        "img": "assets/image/necklace/neck1.jpg"
    },
    {
        "id": 18,
        "name": "Necklace 2",
        "name_cate": "HLS",
        "price": 100,

        "img2": "assets/image/necklace/neck2_2.jpg",
        "img": "assets/image/necklace/neck2.jpg"
    },
    {
        "id": 19,
        "name": "Necklace 3",
        "name_cate": "HLS",
        "price": 100,

        "img2": "assets/image/necklace/neck3_2.jpg",
        "img": "assets/image/necklace/neck3.jpg"
    },
    {
        "id": 20,
        "name": "Necklace 4",
        "name_cate": "HLS",
        "price": 100,
        "img2": "assets/image/necklace/neck4_2.jpg",
        "img": "assets/image/necklace/neck4.jpg"
    },
    {
        "id": 21,
        "name": "Necklace 5",
        "name_cate": "HLS",
        "price": 100,
        "img2": "assets/image/necklace/neck5_2.jpg",
        "img": "assets/image/necklace/neck5.jpg"
    },
    {
        "id": 22,
        "name": "Necklace 6",
        "name_cate": "HLS",
        "price": 100,
        "img2": "assets/image/necklace/neck6_2.jpg",
        "img": "assets/image/necklace/neck6.jpg"
    },
    {
        "id": 23,
        "name": "Necklace 7",
        "name_cate": "HLS",
        "price": 50,
        "img2": "assets/image/necklace/neck7_2.jpg",
        "img": "assets/image/necklace/neck7.jpg"
    },
    {
        "id": 24,
        "name": "Necklace 8",
        "name_cate": "HLS",
        "price": 50,
        "img2": "assets/image/necklace/neck8_2.jpg",
        "img": "assets/image/necklace/neck8.jpg"
    },
    {
        "id": 25,
        "name": "Necklace 9",
        "name_cate": "HLS",
        "price": 100,
        "img2": "assets/image/necklace/neck9_2.jpg",
        "img": "assets/image/necklace/neck9.jpg"
    },
    {
        "id": 26,
        "name": "Necklace 10",
        "name_cate": "HLS",
        "price": 100,

        "img2": "assets/image/necklace/neck10_2.jpg",
        "img": "assets/image/necklace/neck10.jpg"
    },
    {
        "id": 27,
        "name": "Necklace 11",
        "name_cate": "HLS",
        "price": 100,

        "img2": "assets/image/necklace/neck11_2.jpg",
        "img": "assets/image/necklace/neck11.jpg"
    },
    {
        "id": 28,
        "name": "Necklace 12",
        "name_cate": "HLS",
        "price": 100,
        "img2": "assets/image/necklace/neck12_2.jpg",
        "img": "assets/image/necklace/neck12.jpg"
    },
    {
        "id": 29,
        "name": "Necklace 13",
        "name_cate": "HLS",
        "price": 100,
        "img2": "assets/image/necklace/neck13_2.jpg",
        "img": "assets/image/necklace/neck13.jpg"
    },
    {
        "id": 30,
        "name": "Necklace 14",
        "name_cate": "HLS",
        "price": 100,
        "img2": "assets/image/necklace/neck14_2.jpg",
        "img": "assets/image/necklace/neck14.jpg"
    },
    {
        "id": 31,
        "name": "Necklace 15",
        "name_cate": "HLS",
        "price": 50,
        "img2": "assets/image/necklace/neck15_2.jpg",
        "img": "assets/image/necklace/neck15.jpg"
    },
    {
        "id": 32,
        "name": "Necklace 16",
        "name_cate": "HLS",
        "price": 50,
        "img2": "assets/image/necklace/neck16_2.jpg",
        "img": "assets/image/necklace/neck16.jpg"
    }
]